Estimate,Std. Error,t value,Pr(>|t|)
-0.709339518527266,0.010825368492812567,-65.52566954170912,0
0.04605218829112047,0.0038903946266321083,11.837407952361783,2.7188443681566564e-32
