Estimate,Std. Error,t value,Pr(>|t|)
-0.7034345911991479,0.010832662667381842,-64.9364438640977,0
0.04413995333856671,0.003893698027421415,11.336254898995906,9.31085714817755e-30
